timestamp;total;ASH_COATED_OSMIUM;INTARIAN_PEPPER_ROOT
0;-82.5;0.0;-82.5
100;-44.0;0.0;-44.0
200;-157.0;0.0;-157.0
300;-197.0;0.0;-197.0
400;11.0;0.0;11.0
500;-262.0;0.0;-262.0
600;-340.0;0.0;-340.0
700;-418.0;0.0;-418.0
800;209.0;0.0;209.0
900;-489.5;0.0;-489.5
1000;-485.0;24.0;-509.0
1100;-904.0;45.0;-949.0
1200;-264.0;45.0;-309.0
1300;-408.0;21.0;-429.0
1400;-408.0;21.0;-429.0
1500;-291.0;18.0;-309.0
1600;-286.5;22.5;-309.0
1700;-931.0;18.0;-949.0
1800;-411.0;18.0;-429.0
1900;-414.0;15.0;-429.0
2000;-368.0;21.0;-389.0
2100;-851.0;18.0;-869.0
2200;-352.0;-3.0;-349.0
2300;-328.0;21.0;-349.0
2400;-328.0;21.0;-349.0
2500;-448.0;21.0;-469.0
2600;-451.0;18.0;-469.0
2700;-323.5;25.5;-349.0
2800;-208.0;21.0;-229.0
2900;-328.0;21.0;-349.0
3000;-288.0;21.0;-309.0
3100;-314.0;75.0;-389.0
3200;-189.5;79.5;-269.0
3300;-68.0;81.0;-149.0
3400;-221.0;48.0;-269.0
3500;-47.0;102.0;-149.0
3600;-176.0;93.0;-269.0
3700;-56.0;93.0;-149.0
3800;-167.0;102.0;-269.0
3900;-56.0;93.0;-149.0
4000;-136.0;93.0;-229.0
4100;-15.0;174.0;-189.0
4200;-211.5;97.5;-309.0
4300;-168.0;21.0;-189.0
4400;37.5;106.5;-69.0
4500;24.0;93.0;-69.0
4600;-96.0;93.0;-189.0
4700;15.0;84.0;-69.0
4800;401.5;70.5;331.0
4900;-82.5;106.5;-189.0
5000;-47.0;102.0;-149.0
5100;23.5;132.5;-109.0
5200;-4.0;105.0;-109.0
5300;116.0;105.0;11.0
5400;118.5;107.5;11.0
5500;106.0;95.0;11.0
5600;65.0;174.0;-109.0
5700;68.0;177.0;-109.0
5800;189.5;178.5;11.0
5900;68.0;177.0;-109.0
6000;103.5;172.5;-69.0
6100;511.0;180.0;331.0
6200;148.0;177.0;-29.0
6300;148.0;177.0;-29.0
6400;148.0;177.0;-29.0
6500;118.0;147.0;-29.0
6600;209.0;238.0;-29.0
6700;163.5;192.5;-29.0
6800;153.0;182.0;-29.0
6900;153.0;182.0;-29.0
7000;196.5;185.5;11.0
7100;241.0;190.0;51.0
7200;369.0;198.0;171.0
7300;251.0;200.0;51.0
7400;249.0;198.0;51.0
7500;294.5;243.5;51.0
7600;1044.0;233.0;811.0
7700;284.0;233.0;51.0
7800;284.0;233.0;51.0
7900;284.0;233.0;51.0
8000;440.5;229.5;211.0
8100;371.0;240.0;131.0
8200;251.0;240.0;11.0
8300;367.5;236.5;131.0
8400;470.0;219.0;251.0
8500;364.0;233.0;131.0
8600;371.0;240.0;131.0
8700;301.0;170.0;131.0
8800;378.0;247.0;131.0
8900;494.5;243.5;251.0
9000;291.0;240.0;51.0
9100;971.0;240.0;731.0
9200;458.0;247.0;211.0
9300;331.0;240.0;91.0
9400;872.0;261.0;611.0
9500;560.5;229.5;331.0
9600;437.0;226.0;211.0
9700;444.0;233.0;211.0
9800;437.0;226.0;211.0
9900;447.0;236.0;211.0
10000;499.0;248.0;251.0
10100;419.0;248.0;171.0
10200;539.0;248.0;291.0
10300;530.0;239.0;291.0
10400;539.0;248.0;291.0
10500;539.0;248.0;291.0
10600;609.0;318.0;291.0
10700;601.0;310.0;291.0
10800;609.0;318.0;291.0
10900;753.0;302.0;451.0
11000;761.0;430.0;331.0
11100;673.0;302.0;371.0
11200;561.0;310.0;251.0
11300;689.0;318.0;371.0
11400;665.0;294.0;371.0
11500;569.0;318.0;251.0
11600;705.0;334.0;371.0
11700;809.0;318.0;491.0
11800;561.0;190.0;371.0
11900;689.0;318.0;371.0
12000;729.0;318.0;411.0
12100;745.0;294.0;451.0
12200;625.0;294.0;331.0
12300;1331.0;360.0;971.0
12400;696.0;365.0;331.0
12500;921.0;350.0;571.0
12600;681.0;350.0;331.0
12700;816.0;365.0;451.0
12800;51.0;360.0;-309.0
12900;801.0;350.0;451.0
13000;831.0;340.0;491.0
13100;761.0;350.0;411.0
13200;886.0;355.0;531.0
13300;761.0;350.0;411.0
13400;881.0;350.0;531.0
13500;881.0;350.0;531.0
13600;871.0;340.0;531.0
13700;881.0;350.0;531.0
13800;1001.0;350.0;651.0
13900;881.0;350.0;531.0
14000;921.0;350.0;571.0
14100;1041.0;430.0;611.0
14200;946.0;335.0;611.0
14300;1331.0;360.0;971.0
14400;1006.0;395.0;611.0
14500;211.0;360.0;-149.0
14600;999.0;388.0;611.0
14700;1013.0;402.0;611.0
14800;1519.0;388.0;1131.0
14900;999.0;388.0;611.0
15000;479.0;388.0;91.0
15100;959.0;388.0;571.0
15200;1093.0;402.0;691.0
15300;1072.0;381.0;691.0
15400;1079.0;388.0;691.0
15500;1107.0;416.0;691.0
15600;1079.0;388.0;691.0
15700;1213.0;402.0;811.0
15800;1274.0;423.0;851.0
15900;1135.0;444.0;691.0
16000;1027.0;416.0;611.0
16100;1208.0;437.0;771.0
16200;1145.0;374.0;771.0
16300;1187.0;416.0;771.0
16400;1152.0;381.0;771.0
16500;1293.0;402.0;891.0
16600;1187.0;416.0;771.0
16700;141307.0;140416.0;891.0
16800;1096.0;325.0;771.0
16900;1201.0;430.0;771.0
17000;1361.0;430.0;931.0
17100;1380.0;409.0;971.0
17200;1260.0;409.0;851.0
17300;1260.0;409.0;851.0
17400;1239.0;388.0;851.0
17500;1260.0;409.0;851.0
17600;1288.0;437.0;851.0
17700;968.0;637.0;331.0
17800;1288.0;437.0;851.0
17900;1288.0;437.0;851.0
18000;824.0;493.0;331.0
18100;1424.0;493.0;931.0
18200;1278.5;467.5;811.0
18300;1304.0;493.0;811.0
18400;1407.0;476.0;931.0
18500;1407.0;476.0;931.0
18600;1407.0;476.0;931.0
18700;1306.5;535.5;771.0
18800;1407.0;476.0;931.0
18900;1552.5;501.5;1051.0
19000;1447.0;476.0;971.0
19100;1470.0;459.0;1011.0
19200;2038.0;507.0;1531.0
19300;962.0;391.0;571.0
19400;1475.0;584.0;891.0
19500;1732.5;721.5;1011.0
19600;1695.0;684.0;1011.0
19700;1790.0;659.0;1131.0
19800;1695.0;684.0;1011.0
19900;1695.0;684.0;1011.0
20000;1935.0;884.0;1051.0
20100;1812.5;721.5;1091.0
20200;1335.0;684.0;651.0
20300;1309.5;738.5;571.0
20400;1696.0;725.0;971.0
20500;1924.0;833.0;1091.0
20600;1816.0;725.0;1091.0
20700;1936.0;725.0;1211.0
20800;1696.0;725.0;971.0
20900;1816.0;725.0;1091.0
21000;1949.0;698.0;1251.0
21100;1815.0;644.0;1171.0
21200;2112.0;941.0;1171.0
21300;1349.0;698.0;651.0
21400;1923.0;752.0;1171.0
21500;1869.0;698.0;1171.0
21600;1909.5;738.5;1171.0
21700;2205.0;914.0;1291.0
21800;1896.0;725.0;1171.0
21900;1869.0;698.0;1171.0
22000;1756.0;545.0;1211.0
22100;1961.0;710.0;1251.0
22200;1928.0;677.0;1251.0
22300;1895.0;644.0;1251.0
22400;1911.5;660.5;1251.0
22500;1963.0;712.0;1251.0
22600;1991.0;740.0;1251.0
22700;1963.0;712.0;1251.0
22800;1829.0;698.0;1131.0
22900;1767.0;516.0;1251.0
23000;2091.0;800.0;1291.0
23100;2099.0;768.0;1331.0
23200;2619.0;768.0;1851.0
23300;2131.0;800.0;1331.0
23400;2907.0;816.0;2091.0
23500;2187.0;736.0;1451.0
23600;2099.0;768.0;1331.0
23700;1643.0;832.0;811.0
23800;2131.0;800.0;1331.0
23900;2355.0;1024.0;1331.0
24000;2491.0;1120.0;1371.0
24100;2147.0;736.0;1411.0
24200;2211.0;800.0;1411.0
24300;2087.0;796.0;1291.0
24400;2243.0;832.0;1411.0
24500;2243.0;832.0;1411.0
24600;2243.0;832.0;1411.0
24700;2079.0;508.0;1571.0
24800;2207.0;796.0;1411.0
24900;2495.0;1084.0;1411.0
25000;1959.0;508.0;1451.0
25100;2179.0;688.0;1491.0
25200;2407.0;796.0;1611.0
25300;2287.0;796.0;1491.0
25400;2119.0;508.0;1611.0
25500;2287.0;796.0;1491.0
25600;2287.0;796.0;1491.0
25700;2287.0;796.0;1491.0
25800;2359.0;868.0;1491.0
25900;2287.0;796.0;1491.0
26000;2327.0;796.0;1531.0
26100;2887.0;796.0;2091.0
26200;2403.0;832.0;1571.0
26300;2079.0;508.0;1571.0
26400;2504.0;933.0;1571.0
26500;2491.5;920.5;1571.0
26600;2376.0;805.0;1571.0
26700;2496.0;805.0;1691.0
26800;2407.5;836.5;1571.0
26900;2397.0;826.0;1571.0
27000;3028.5;857.5;2171.0
27100;2466.5;815.5;1651.0
27200;1549.0;658.0;891.0
27300;2262.5;731.5;1531.0
27400;2477.0;826.0;1651.0
27500;2477.0;826.0;1651.0
27600;2597.0;826.0;1771.0
27700;2317.0;826.0;1491.0
27800;2498.0;847.0;1651.0
27900;2378.0;847.0;1531.0
28000;2538.0;847.0;1691.0
28100;2410.0;679.0;1731.0
28200;2751.0;900.0;1851.0
28300;2592.0;861.0;1731.0
28400;2472.0;861.0;1611.0
28500;2592.0;861.0;1731.0
28600;2511.0;900.0;1611.0
28700;2605.0;874.0;1731.0
28800;2662.0;931.0;1731.0
28900;2782.0;931.0;1851.0
29000;2766.0;995.0;1771.0
29100;3316.0;985.0;2331.0
29200;2676.0;985.0;1691.0
29300;2356.0;985.0;1371.0
29400;2801.0;990.0;1811.0
29500;2761.0;950.0;1811.0
29600;2796.0;985.0;1811.0
29700;2816.0;1005.0;1811.0
29800;2786.0;975.0;1811.0
29900;2796.0;985.0;1811.0
30000;2956.0;985.0;1971.0
30100;2876.0;985.0;1891.0
30200;2116.0;985.0;1131.0
30300;2876.0;985.0;1891.0
30400;2996.0;985.0;2011.0
30500;2371.0;1000.0;1371.0
30600;2876.0;985.0;1891.0
30700;2796.0;905.0;1891.0
30800;2891.0;1000.0;1891.0
30900;2756.0;985.0;1771.0
31000;3051.0;1000.0;2051.0
31100;-959544.0;1005.0;-960549.0
31200;3076.0;985.0;2091.0
31300;2196.0;985.0;1211.0
31400;2921.0;950.0;1971.0
31500;2956.0;985.0;1971.0
31600;2836.0;985.0;1851.0
31700;3356.0;985.0;2371.0
31800;2956.0;985.0;1971.0
31900;2956.0;985.0;1971.0
32000;2996.0;985.0;2011.0
32100;3046.0;995.0;2051.0
32200;3001.0;950.0;2051.0
32300;3156.0;985.0;2171.0
32400;3556.0;985.0;2571.0
32500;2951.0;1020.0;1931.0
32600;3451.0;1000.0;2451.0
32700;3086.0;915.0;2171.0
32800;3046.0;995.0;2051.0
32900;2936.0;1005.0;1931.0
33000;3206.0;995.0;2211.0
33100;3136.0;1005.0;2131.0
33200;3126.0;995.0;2131.0
33300;3126.0;995.0;2131.0
33400;3116.0;985.0;2131.0
33500;3121.0;990.0;2131.0
33600;3086.0;955.0;2131.0
33700;3126.0;995.0;2131.0
33800;3206.0;1075.0;2131.0
33900;2686.0;1075.0;1611.0
34000;3366.0;1075.0;2291.0
34100;3406.0;1075.0;2331.0
34200;3166.0;1075.0;2091.0
34300;2766.0;1075.0;1691.0
34400;3286.0;1075.0;2211.0
34500;3286.0;1075.0;2211.0
34600;3166.0;1075.0;2091.0
34700;3286.0;1075.0;2211.0
34800;3166.0;1075.0;2091.0
34900;3286.0;1075.0;2211.0
35000;2526.0;1075.0;1451.0
35100;3366.0;1075.0;2291.0
35200;3366.0;1075.0;2291.0
35300;3886.0;1075.0;2811.0
35400;3366.0;1075.0;2291.0
35500;3366.0;1075.0;2291.0
35600;3486.0;1075.0;2411.0
35700;3886.0;1075.0;2811.0
35800;3246.0;1075.0;2171.0
35900;3366.0;1075.0;2291.0
36000;3406.0;1075.0;2331.0
36100;3566.0;1075.0;2491.0
36200;3467.0;1096.0;2371.0
36300;3455.0;1084.0;2371.0
36400;3575.0;1084.0;2491.0
36500;3584.0;1093.0;2491.0
36600;3459.5;1088.5;2371.0
36700;3467.0;1096.0;2371.0
36800;3464.0;1093.0;2371.0
36900;3605.0;1114.0;2491.0
37000;3528.0;1117.0;2411.0
37100;3583.0;1132.0;2451.0
37200;3691.0;1120.0;2571.0
37300;3454.0;1123.0;2331.0
37400;3574.0;1123.0;2451.0
37500;3574.0;1123.0;2451.0
37600;3539.5;1208.5;2331.0
37700;3665.5;1214.5;2451.0
37800;3541.0;1210.0;2331.0
37900;3664.0;1213.0;2451.0
38000;3821.0;1210.0;2611.0
38100;3741.0;1210.0;2531.0
38200;3861.0;1210.0;2651.0
38300;3621.0;1210.0;2411.0
38400;3741.0;1210.0;2531.0
38500;3284.0;1273.0;2011.0
38600;3804.0;1273.0;2531.0
38700;3284.0;1153.0;2131.0
38800;3942.0;1291.0;2651.0
38900;3828.0;1297.0;2531.0
39000;3868.0;1297.0;2571.0
39100;3884.0;1273.0;2611.0
39200;3884.0;1273.0;2611.0
39300;4555.0;1184.0;3371.0
39400;4190.0;1459.0;2731.0
39500;3861.0;1250.0;2611.0
39600;3894.0;1283.0;2611.0
39700;4014.0;1283.0;2731.0
39800;3472.0;1261.0;2211.0
39900;3752.0;1261.0;2491.0
40000;3934.0;1283.0;2651.0
40100;4072.0;1261.0;2811.0
40200;3432.0;1261.0;2171.0
40300;3952.0;1261.0;2691.0
40400;4094.0;1283.0;2811.0
40500;3454.0;1283.0;2171.0
40600;3694.0;1283.0;2411.0
40700;3952.0;1261.0;2691.0
40800;3974.0;1283.0;2691.0
40900;3974.0;1283.0;2691.0
41000;4014.0;1283.0;2731.0
41100;4054.0;1283.0;2771.0
41200;3556.0;1305.0;2251.0
41300;3900.0;1129.0;2771.0
41400;4174.0;1283.0;2891.0
41500;4350.0;1459.0;2891.0
41600;4163.0;1272.0;2891.0
41700;4132.0;1361.0;2771.0
41800;4177.0;1406.0;2771.0
41900;4102.0;1331.0;2771.0
42000;3582.0;1331.0;2251.0
42100;4182.0;1331.0;2851.0
42200;4077.0;1346.0;2731.0
42300;4182.0;1331.0;2851.0
42400;3767.0;1436.0;2331.0
42500;4182.0;1331.0;2851.0
42600;4182.0;1331.0;2851.0
42700;4152.0;1301.0;2851.0
42800;4152.0;1301.0;2851.0
42900;4302.0;1331.0;2971.0
43000;4222.0;1331.0;2891.0
43100;4354.0;1303.0;3051.0
43200;4276.0;1345.0;2931.0
43300;4438.0;1387.0;3051.0
43400;4438.0;1387.0;3051.0
43500;4318.0;1387.0;2931.0
43600;3878.0;1387.0;2491.0
43700;4335.0;1404.0;2931.0
43800;4318.0;1387.0;2931.0
43900;4318.0;1387.0;2931.0
44000;4086.0;1115.0;2971.0
44100;4569.0;1438.0;3131.0
44200;4398.0;1387.0;3011.0
44300;4398.0;1387.0;3011.0
44400;4278.0;1387.0;2891.0
44500;4092.0;1081.0;3011.0
44600;4398.0;1387.0;3011.0
44700;4932.0;1401.0;3531.0
44800;4560.0;1549.0;3011.0
44900;4420.0;1409.0;3011.0
45000;4566.0;1395.0;3171.0
45100;4008.0;1437.0;2571.0
45200;4486.0;1395.0;3091.0
45300;4650.0;1559.0;3091.0
45400;4529.0;1438.0;3091.0
45500;4540.0;1449.0;3091.0
45600;4453.0;1482.0;2971.0
45700;4507.0;1416.0;3091.0
45800;4562.0;1471.0;3091.0
45900;4540.0;1449.0;3091.0
46000;4788.0;1537.0;3251.0
46100;4784.0;1493.0;3291.0
46200;4740.0;1449.0;3291.0
46300;4773.0;1482.0;3291.0
46400;5140.0;1449.0;3691.0
46500;4620.0;1449.0;3171.0
46600;4609.0;1438.0;3171.0
46700;4664.0;1493.0;3171.0
46800;4675.0;1504.0;3171.0
46900;4922.0;1471.0;3451.0
47000;4682.0;1471.0;3211.0
47100;4700.0;1449.0;3251.0
47200;4668.0;1537.0;3131.0
47300;4722.0;1471.0;3251.0
47400;4235.0;1504.0;2731.0
47500;4777.0;1526.0;3251.0
47600;4711.0;1460.0;3251.0
47700;4410.0;1559.0;2851.0
47800;4744.0;1493.0;3251.0
47900;4733.0;1482.0;3251.0
48000;4784.0;1493.0;3291.0
48100;4944.0;1493.0;3451.0
48200;4838.0;1507.0;3331.0
48300;4858.0;1527.0;3331.0
48400;4876.0;1545.0;3331.0
48500;5014.0;1563.0;3451.0
48600;4894.0;1563.0;3331.0
48700;4894.0;1563.0;3331.0
48800;4614.0;1563.0;3051.0
48900;5060.0;1569.0;3491.0
49000;4910.0;1539.0;3371.0
49100;4873.0;1462.0;3411.0
49200;4994.0;1583.0;3411.0
49300;5092.0;1561.0;3531.0
49400;5029.0;1618.0;3411.0
49500;5029.0;1618.0;3411.0
49600;5029.0;1618.0;3411.0
49700;5029.0;1618.0;3411.0
49800;4575.0;1564.0;3011.0
49900;5002.0;1591.0;3411.0
50000;4522.5;1631.5;2891.0
50100;5082.0;1591.0;3491.0
50200;5642.5;1631.5;4011.0
50300;5109.0;1618.0;3491.0
50400;5082.0;1591.0;3491.0
50500;5109.0;1618.0;3491.0
50600;5016.0;1645.0;3371.0
50700;5109.0;1618.0;3491.0
50800;5229.0;1618.0;3611.0
50900;5109.0;1618.0;3491.0
51000;5162.5;1631.5;3531.0
51100;5189.0;1618.0;3571.0
51200;4601.5;1550.5;3051.0
51300;5141.0;1690.0;3451.0
51400;5234.0;1663.0;3571.0
51500;5363.0;1672.0;3691.0
51600;5270.0;1699.0;3571.0
51700;4852.0;1681.0;3171.0
51800;5099.0;1528.0;3571.0
51900;5150.0;1699.0;3451.0
52000;5292.0;1681.0;3611.0
52100;5305.0;1654.0;3651.0
52200;5323.0;1672.0;3651.0
52300;5323.0;1672.0;3651.0
52400;5915.0;1744.0;4171.0
52500;5323.0;1672.0;3651.0
52600;5248.0;1717.0;3531.0
52700;5341.0;1690.0;3651.0
52800;5377.0;1726.0;3651.0
52900;5359.0;1708.0;3651.0
53000;5279.0;1708.0;3571.0
53100;4901.0;1690.0;3211.0
53200;5439.0;1708.0;3731.0
53300;5328.0;1717.0;3611.0
53400;5968.0;1717.0;4251.0
53500;5421.0;1690.0;3731.0
53600;5541.0;1690.0;3851.0
53700;4770.5;1559.5;3211.0
53800;5628.0;1897.0;3731.0
53900;5453.0;1722.0;3731.0
54000;5535.0;1764.0;3771.0
54100;5575.0;1764.0;3811.0
54200;5695.0;1764.0;3931.0
54300;6142.0;1811.0;4331.0
54400;5502.0;1811.0;3691.0
54500;5587.5;1776.5;3811.0
54600;5645.0;1834.0;3811.0
54700;5622.0;1811.0;3811.0
54800;5692.0;1881.0;3811.0
54900;5362.5;1831.5;3531.0
55000;5765.0;1914.0;3851.0
55100;5772.0;1881.0;3891.0
55200;5652.0;1881.0;3771.0
55300;5772.0;1881.0;3891.0
55400;5772.0;1881.0;3891.0
55500;5772.0;1881.0;3891.0
55600;5252.0;1881.0;3371.0
55700;5739.0;1848.0;3891.0
55800;5628.0;1617.0;4011.0
55900;5508.0;1617.0;3891.0
56000;5927.5;1996.5;3931.0
56100;5885.0;1914.0;3971.0
56200;5802.5;1831.5;3971.0
56300;5332.0;1881.0;3451.0
56400;5703.5;1732.5;3971.0
56500;5885.0;1914.0;3971.0
56600;5972.0;1881.0;4091.0
56700;5819.0;1848.0;3971.0
56800;5732.0;1881.0;3851.0
56900;5699.0;1848.0;3851.0
57000;5689.5;1678.5;4011.0
57100;5944.0;1893.0;4051.0
57200;5940.0;1889.0;4051.0
57300;6104.5;2053.5;4051.0
57400;5954.5;1903.5;4051.0
57500;6029.5;1978.5;4051.0
57600;5742.0;1691.0;4051.0
57700;5897.0;1966.0;3931.0
57800;6567.5;1996.5;4571.0
57900;6047.5;1996.5;4051.0
58000;6673.0;2022.0;4651.0
58100;6033.0;2022.0;4011.0
58200;6273.0;2022.0;4251.0
58300;6169.0;2158.0;4011.0
58400;6161.5;2030.5;4131.0
58500;6153.0;2022.0;4131.0
58600;5633.0;2022.0;3611.0
58700;6178.5;2047.5;4131.0
58800;6409.0;2158.0;4251.0
58900;5993.0;2022.0;3971.0
59000;6203.0;2152.0;4051.0
59100;6258.5;2047.5;4211.0
59200;5755.0;2064.0;3691.0
59300;6264.0;2053.0;4211.0
59400;6286.0;2075.0;4211.0
59500;6286.0;2075.0;4211.0
59600;5895.0;2124.0;3771.0
59700;6335.0;2124.0;4211.0
59800;6215.0;2124.0;4091.0
59900;6317.0;2106.0;4211.0
60000;6357.0;2106.0;4251.0
60100;6397.0;2106.0;4291.0
60200;6899.0;2088.0;4811.0
60300;5939.0;2088.0;3851.0
60400;6397.0;2106.0;4291.0
60500;6304.0;2133.0;4171.0
60600;6397.0;2106.0;4291.0
60700;6379.0;2088.0;4291.0
60800;6397.0;2106.0;4291.0
60900;6277.0;2106.0;4171.0
61000;6419.0;2088.0;4331.0
61100;6303.0;2052.0;4251.0
61200;6581.0;2210.0;4371.0
61300;6469.0;2098.0;4371.0
61400;6469.0;2098.0;4371.0
61500;6581.0;2210.0;4371.0
61600;6237.0;1986.0;4251.0
61700;6469.0;2098.0;4371.0
61800;6349.0;2098.0;4251.0
61900;6589.0;2098.0;4491.0
62000;6509.0;2098.0;4411.0
62100;6563.0;2112.0;4451.0
62200;6029.0;2098.0;3931.0
62300;6429.0;2098.0;4331.0
62400;6549.0;2098.0;4451.0
62500;6549.0;2098.0;4451.0
62600;6690.0;2119.0;4571.0
62700;6469.0;2138.0;4331.0
62800;6589.0;2138.0;4451.0
62900;6050.0;2119.0;3931.0
63000;6657.5;2166.5;4491.0
63100;6688.0;2157.0;4531.0
63200;6707.0;2176.0;4531.0
63300;6779.5;2128.5;4651.0
63400;6416.0;2005.0;4411.0
63500;6707.0;2176.0;4531.0
63600;6758.0;2347.0;4411.0
63700;6669.0;2138.0;4531.0
63800;7341.0;2290.0;5051.0
63900;6808.0;2157.0;4651.0
64000;6747.0;2176.0;4571.0
64100;6888.0;2157.0;4731.0
64200;7128.0;2157.0;4971.0
64300;6768.0;2157.0;4611.0
64400;6768.0;2157.0;4611.0
64500;6768.0;2157.0;4611.0
64600;6768.0;2157.0;4611.0
64700;5979.5;2128.5;3851.0
64800;6749.0;2138.0;4611.0
64900;6920.0;2309.0;4611.0
65000;6899.5;2128.5;4771.0
65100;6715.0;2024.0;4691.0
65200;6987.0;2176.0;4811.0
65300;6728.0;2157.0;4571.0
65400;6848.0;2157.0;4691.0
65500;6829.0;2138.0;4691.0
65600;6645.5;2074.5;4571.0
65700;6232.0;2061.0;4171.0
65800;6694.0;2163.0;4531.0
65900;6854.0;2163.0;4691.0
66000;6918.0;2187.0;4731.0
66100;6934.0;2163.0;4771.0
66200;7006.0;2115.0;4891.0
66300;6934.0;2163.0;4771.0
66400;6874.0;2103.0;4771.0
66500;6970.0;2199.0;4771.0
66600;7054.0;2163.0;4891.0
66700;6742.0;1971.0;4771.0
66800;6934.0;2163.0;4771.0
66900;6790.0;2139.0;4651.0
67000;7010.0;2199.0;4811.0
67100;6894.0;2163.0;4731.0
67200;7014.0;2163.0;4851.0
67300;7026.0;2175.0;4851.0
67400;7014.0;2163.0;4851.0
67500;7014.0;2163.0;4851.0
67600;7133.5;2282.5;4851.0
67700;6947.0;2216.0;4731.0
67800;6928.0;2197.0;4731.0
67900;7029.0;2178.0;4851.0
68000;7069.0;2178.0;4891.0
68100;7109.0;2178.0;4931.0
68200;7109.0;2178.0;4931.0
68300;7109.0;2178.0;4931.0
68400;7229.0;2178.0;5051.0
68500;7271.0;2220.0;5051.0
68600;7170.5;2239.5;4931.0
68700;7212.0;2161.0;5051.0
68800;7164.0;2233.0;4931.0
68900;7284.0;2233.0;5051.0
69000;6996.0;2225.0;4771.0
69100;7271.0;2260.0;5011.0
69200;7271.0;2260.0;5011.0
69300;7433.0;2302.0;5131.0
69400;7222.5;2331.5;4891.0
69500;7338.5;2327.5;5011.0
69600;7334.5;2323.5;5011.0
69700;7337.0;2326.0;5011.0
69800;7408.0;2397.0;5011.0
69900;7344.0;2333.0;5011.0
70000;7392.0;2341.0;5051.0
70100;6664.0;2333.0;4331.0
70200;7304.0;2333.0;4971.0
70300;7424.0;2333.0;5091.0
70400;7424.0;2333.0;5091.0
70500;8203.0;2352.0;5851.0
70600;7438.0;2347.0;5091.0
70700;7437.0;2346.0;5091.0
70800;7446.0;2355.0;5091.0
70900;7438.0;2347.0;5091.0
71000;7477.0;2346.0;5131.0
71100;7580.0;2409.0;5171.0
71200;7580.0;2409.0;5171.0
71300;7572.0;2401.0;5171.0
71400;7688.0;2397.0;5291.0
71500;8100.0;2409.0;5691.0
71600;7672.0;2381.0;5291.0
71700;7460.0;2409.0;5051.0
71800;7716.0;2425.0;5291.0
71900;7588.0;2417.0;5171.0
72000;7620.0;2409.0;5211.0
72100;7668.0;2417.0;5251.0
72200;7668.0;2417.0;5251.0
72300;7552.0;2421.0;5131.0
72400;7668.0;2417.0;5251.0
72500;7676.0;2425.0;5251.0
72600;7556.0;2425.0;5131.0
72700;7676.0;2425.0;5251.0
72800;7676.0;2425.0;5251.0
72900;7817.0;2446.0;5371.0
73000;7737.0;2446.0;5291.0
73100;7788.0;2457.0;5331.0
73200;7897.0;2446.0;5451.0
73300;7745.0;2534.0;5211.0
73400;8291.5;2440.5;5851.0
73500;7788.0;2457.0;5331.0
73600;7788.0;2457.0;5331.0
73700;7930.0;2479.0;5451.0
73800;7714.0;2503.0;5211.0
73900;7954.0;2503.0;5451.0
74000;7874.0;2503.0;5371.0
74100;7922.0;2631.0;5291.0
74200;7914.0;2503.0;5411.0
74300;8130.0;2519.0;5611.0
74400;7474.0;2503.0;4971.0
74500;7914.0;2503.0;5411.0
74600;7898.0;2487.0;5411.0
74700;8434.0;2503.0;5931.0
74800;7770.0;2479.0;5291.0
74900;7914.0;2503.0;5411.0
75000;7954.0;2503.0;5451.0
75100;7994.0;2503.0;5491.0
75200;7994.0;2503.0;5491.0
75300;7994.0;2503.0;5491.0
75400;7994.0;2503.0;5491.0
75500;7994.0;2503.0;5491.0
75600;8114.0;2503.0;5611.0
75700;7986.0;2495.0;5491.0
75800;7978.0;2487.0;5491.0
75900;8026.0;2535.0;5491.0
76000;8191.0;2660.0;5531.0
76100;7989.5;2418.5;5571.0
76200;8112.0;2541.0;5571.0
76300;8154.0;2583.0;5571.0
76400;8112.0;2541.0;5571.0
76500;8048.0;2597.0;5451.0
76600;8140.0;2569.0;5571.0
76700;8168.0;2597.0;5571.0
76800;8126.0;2555.0;5571.0
76900;8168.0;2597.0;5571.0
77000;8180.0;2569.0;5611.0
77100;8114.0;2583.0;5531.0
77200;7488.0;2597.0;4891.0
77300;8384.0;2373.0;6011.0
77400;8290.0;2639.0;5651.0
77500;8220.0;2569.0;5651.0
77600;8368.0;2597.0;5771.0
77700;8248.0;2597.0;5651.0
77800;8088.0;2597.0;5491.0
77900;8472.0;2821.0;5651.0
78000;8484.0;2793.0;5691.0
78100;8274.5;2663.5;5611.0
78200;8358.0;2627.0;5731.0
78300;8318.0;2587.0;5731.0
78400;8318.0;2587.0;5731.0
78500;8303.0;2572.0;5731.0
78600;8848.0;2597.0;6251.0
78700;8418.0;2567.0;5851.0
78800;8088.0;2477.0;5611.0
78900;8158.0;2587.0;5571.0
79000;8348.0;2577.0;5771.0
79100;8518.0;2587.0;5931.0
79200;8388.0;2577.0;5811.0
79300;8403.0;2592.0;5811.0
79400;8318.0;2507.0;5811.0
79500;8578.0;2767.0;5811.0
79600;8388.0;2577.0;5811.0
79700;8383.0;2572.0;5811.0
79800;8301.5;2610.5;5691.0
79900;8427.0;2616.0;5811.0
80000;8467.0;2616.0;5851.0
80100;8490.5;2599.5;5891.0
80200;8507.0;2616.0;5891.0
80300;8507.0;2616.0;5891.0
80400;8496.0;2605.0;5891.0
80500;8463.0;2572.0;5891.0
80600;8627.0;2616.0;6011.0
80700;8507.0;2616.0;5891.0
80800;8518.0;2627.0;5891.0
80900;8616.0;2605.0;6011.0
81000;8547.0;2616.0;5931.0
81100;8559.5;2588.5;5971.0
81200;8565.0;2594.0;5971.0
81300;8685.0;2594.0;6091.0
81400;8565.0;2594.0;5971.0
81500;8576.0;2605.0;5971.0
81600;8565.0;2594.0;5971.0
81700;8674.0;2583.0;6091.0
81800;8762.0;2671.0;6091.0
81900;8570.5;2599.5;5971.0
82000;9154.0;2583.0;6571.0
82100;8617.5;2566.5;6051.0
82200;8743.0;2572.0;6171.0
82300;8074.5;2583.5;5491.0
82400;8618.0;2687.0;5931.0
82500;8648.0;2597.0;6051.0
82600;8648.0;2597.0;6051.0
82700;8684.0;2633.0;6051.0
82800;8750.0;2579.0;6171.0
82900;8711.0;2660.0;6051.0
83000;8119.0;2588.0;5531.0
83100;8705.5;2574.5;6131.0
83200;7950.0;2579.0;5371.0
83300;8830.0;2579.0;6251.0
83400;8710.0;2579.0;6131.0
83500;8710.0;2579.0;6131.0
83600;8759.0;2628.0;6131.0
83700;8759.0;2628.0;6131.0
83800;9279.0;2628.0;6651.0
83900;8743.0;2612.0;6131.0
84000;8663.0;2612.0;6051.0
84100;8879.0;2668.0;6211.0
84200;8839.0;2628.0;6211.0
84300;9359.0;2628.0;6731.0
84400;8319.0;2628.0;5691.0
84500;8823.0;2612.0;6211.0
84600;9359.0;2628.0;6731.0
84700;8943.0;2612.0;6331.0
84800;8729.0;2518.0;6211.0
84900;8859.0;2648.0;6211.0
85000;8899.0;2648.0;6251.0
85100;9059.0;2648.0;6411.0
85200;8806.0;2635.0;6171.0
85300;9004.0;2713.0;6291.0
85400;8913.0;2622.0;6291.0
85500;8913.0;2622.0;6291.0
85600;8939.0;2648.0;6291.0
85700;8939.0;2648.0;6291.0
85800;9059.0;2648.0;6411.0
85900;9485.0;2674.0;6811.0
86000;8898.0;2687.0;6211.0
86100;9139.0;2648.0;6491.0
86200;8925.0;2674.0;6251.0
86300;8993.0;2622.0;6371.0
86400;9006.0;2635.0;6371.0
86500;9565.0;2674.0;6891.0
86600;8951.0;2700.0;6251.0
86700;9097.0;2726.0;6371.0
86800;9071.0;2700.0;6371.0
86900;8581.0;2730.0;5851.0
87000;9141.0;2730.0;6411.0
87100;9172.0;2721.0;6451.0
87200;9052.0;2721.0;6331.0
87300;9181.0;2730.0;6451.0
87400;9070.0;2619.0;6451.0
87500;9350.0;3019.0;6331.0
87600;9115.0;2544.0;6571.0
87700;8975.0;2644.0;6331.0
87800;9470.0;3019.0;6451.0
87900;8845.0;2794.0;6051.0
88000;9285.0;2794.0;6491.0
88100;9205.0;2794.0;6411.0
88200;9405.0;2994.0;6411.0
88300;9230.0;2819.0;6411.0
88400;9350.0;2819.0;6531.0
88500;9350.0;2819.0;6531.0
88600;9550.0;3019.0;6531.0
88700;9350.0;2819.0;6531.0
88800;9350.0;2819.0;6531.0
88900;9375.0;2844.0;6531.0
89000;9390.0;2819.0;6571.0
89100;8885.0;2794.0;6091.0
89200;9550.0;2819.0;6731.0
89300;9553.5;2942.5;6611.0
89400;9459.0;2848.0;6611.0
89500;9459.0;2848.0;6611.0
89600;9610.5;2879.5;6731.0
89700;9480.0;2869.0;6611.0
89800;9402.0;2911.0;6491.0
89900;9459.0;2848.0;6611.0
90000;9400.0;2869.0;6531.0
90100;9560.0;2869.0;6691.0
90200;9560.0;2869.0;6691.0
90300;9581.0;2890.0;6691.0
90400;9539.0;2848.0;6691.0
90500;9701.0;2890.0;6811.0
90600;9560.0;2869.0;6691.0
90700;9560.0;2869.0;6691.0
90800;9591.5;2900.5;6691.0
90900;8632.0;2701.0;5931.0
91000;9678.0;2827.0;6851.0
91100;9979.0;2848.0;7131.0
91200;9598.0;2827.0;6771.0
91300;9668.0;2897.0;6771.0
91400;9788.0;2897.0;6891.0
91500;9647.0;2876.0;6771.0
91600;9556.0;2785.0;6771.0
91700;9668.0;2897.0;6771.0
91800;9689.0;2918.0;6771.0
91900;10237.0;2946.0;7291.0
92000;10122.0;2911.0;7211.0
92100;9790.0;2939.0;6851.0
92200;9875.0;2904.0;6971.0
92300;9748.0;2897.0;6851.0
92400;9868.0;2897.0;6971.0
92500;9748.0;2897.0;6851.0
92600;9628.0;2897.0;6731.0
92700;9748.0;2897.0;6851.0
92800;9748.0;2897.0;6851.0
92900;9868.0;2897.0;6971.0
93000;9668.0;2897.0;6771.0
93100;9708.0;2897.0;6811.0
93200;9934.0;2883.0;7051.0
93300;9722.0;2911.0;6811.0
93400;9338.0;2927.0;6411.0
93500;9826.0;2895.0;6931.0
93600;9802.0;2871.0;6931.0
93700;10226.0;2895.0;7331.0
93800;10226.0;2895.0;7331.0
93900;9954.0;3023.0;6931.0
94000;9826.0;2855.0;6971.0
94100;10042.0;2911.0;7131.0
94200;9426.0;2935.0;6491.0
94300;9914.0;2903.0;7011.0
94400;9906.0;2895.0;7011.0
94500;9930.0;2919.0;7011.0
94600;9898.0;2887.0;7011.0
94700;9778.0;2767.0;7011.0
94800;9906.0;2895.0;7011.0
94900;9906.0;2895.0;7011.0
95000;9946.0;2895.0;7051.0
95100;9962.0;2871.0;7091.0
95200;10016.0;2925.0;7091.0
95300;10866.0;3015.0;7851.0
95400;9914.0;2823.0;7091.0
95500;10022.0;2931.0;7091.0
95600;10142.0;2931.0;7211.0
95700;10154.0;2943.0;7211.0
95800;10034.0;2943.0;7091.0
95900;10094.0;2883.0;7211.0
96000;10062.0;3051.0;7011.0
96100;10210.0;2919.0;7291.0
96200;10090.0;2919.0;7171.0
96300;10210.0;2919.0;7291.0
96400;10090.0;2919.0;7171.0
96500;10066.0;2895.0;7171.0
96600;10078.0;2907.0;7171.0
96700;10186.0;3015.0;7171.0
96800;10252.0;2961.0;7291.0
96900;10161.0;2990.0;7171.0
97000;10201.0;2990.0;7211.0
97100;10783.0;3012.0;7771.0
97200;10235.5;2984.5;7251.0
97300;10273.0;3022.0;7251.0
97400;10073.0;3022.0;7051.0
97500;10273.0;3022.0;7251.0
97600;10111.0;2980.0;7131.0
97700;10533.0;3162.0;7371.0
97800;10439.0;3068.0;7371.0
97900;10289.0;3038.0;7251.0
98000;10329.0;3038.0;7291.0
98100;10253.0;3042.0;7211.0
98200;10381.0;3050.0;7331.0
98300;10507.0;3056.0;7451.0
98400;10376.5;3045.5;7331.0
98500;10379.5;3048.5;7331.0
98600;10384.0;3053.0;7331.0
98700;10387.0;3056.0;7331.0
98800;10381.0;3050.0;7331.0
98900;10504.0;3053.0;7451.0
99000;10445.0;3074.0;7371.0
99100;10582.5;3051.5;7531.0
99200;10461.0;3050.0;7411.0
99300;10458.0;3047.0;7411.0
99400;9944.0;3053.0;6891.0
99500;10458.0;3047.0;7411.0
99600;10578.0;3047.0;7531.0
99700;10458.0;3047.0;7411.0
99800;10458.0;3047.0;7411.0
99900;10458.0;3047.0;7411.0
